"GENE.SET","ES","NES","PVAL"
"hsa04512_ECM-receptor_interaction",0.325,1.16,0.104
"hsa04728_Dopaminergic_synapse",-0.25,-1.06,0.108
"hsa04912_GnRH_signaling_pathway",-0.257,-1.08,0.109
"hsa04261_Adrenergic_signaling_in_cardiomyocytes",0.22,1.08,0.11
"hsa00380_Tryptophan_metabolism",0.519,1.29,0.111
"hsa05031_Amphetamine_addiction",0.324,1.29,0.111
"hsa00061_Fatty_acid_biosynthesis",0.512,1.25,0.111
"hsa04964_Proximal_tubule_bicarbonate_reclamation",0.641,1.24,0.111
"hsa00340_Histidine_metabolism",0.558,1.19,0.111
"hsa01523_Antifolate_resistance",0.41,1.17,0.111
"hsa05321_Inflammatory_bowel_disease",0.374,1.16,0.111
"hsa04726_Serotonergic_synapse",0.356,1.16,0.111
"hsa03266_Virion",0.772,1.15,0.111
"hsa00910_Nitrogen_metabolism",0.648,1.15,0.111
"hsa05033_Nicotine_addiction",0.402,1.15,0.111
"hsa04024_cAMP_signaling_pathway",0.246,1.15,0.111
"hsa00120_Primary_bile_acid_biosynthesis",0.553,1.14,0.111
"hsa05146_Amoebiasis",0.508,1.14,0.111
"hsa00330_Arginine_and_proline_metabolism",0.497,1.13,0.111
"hsa00140_Steroid_hormone_biosynthesis",0.706,1.12,0.111
"hsa04975_Fat_digestion_and_absorption",0.508,1.12,0.111
"hsa04657_IL-17_signaling_pathway",0.44,1.12,0.111
"hsa04913_Ovarian_steroidogenesis",0.415,1.12,0.111
"hsa04640_Hematopoietic_cell_lineage",0.405,1.12,0.111
"hsa04518_Integrin_signaling",0.248,1.12,0.111
"hsa00040_Pentose_and_glucuronate_interconversions",0.467,1.11,0.111
"hsa04156_Integrated_stress_response_(ISR)_signaling_pathway",0.379,1.11,0.111
"hsa04151_PI3K-Akt_signaling_pathway",0.346,1.11,0.111
"hsa00982_Drug_metabolism",0.705,1.1,0.111
"hsa00770_Pantothenate_and_CoA_biosynthesis",0.572,1.1,0.111
"hsa00590_Arachidonic_acid_metabolism",0.48,1.1,0.111
"hsa05215_Prostate_cancer",0.378,1.1,0.111
"hsa04936_Alcoholic_liver_disease",0.368,1.1,0.111
"hsa04510_Focal_adhesion",0.248,1.1,0.111
"hsa00592_alpha-Linolenic_acid_metabolism",0.605,1.09,0.111
"hsa00730_Thiamine_metabolism",0.542,1.09,0.111
"hsa00260_Glycine,_serine_and_threonine_metabolism",0.521,1.09,0.111
"hsa05221_Acute_myeloid_leukemia",0.394,1.09,0.111
"hsa04625_C-type_lectin_receptor_signaling_pathway",0.348,1.09,0.111
"hsa05204_Chemical_carcinogenesis",0.692,1.08,0.111
"hsa00980_Metabolism_of_xenobiotics_by_cytochrome_P450",0.6,1.08,0.111
"hsa00760_Nicotinate_and_nicotinamide_metabolism",0.472,1.08,0.111
"hsa05034_Alcoholism",0.444,1.08,0.111
"hsa04662_B_cell_receptor_signaling_pathway",0.435,1.08,0.111
"hsa04080_Neuroactive_ligand-receptor_interaction",0.426,1.08,0.111
"hsa05130_Pathogenic_Escherichia_coli_infection",0.413,1.08,0.111
"hsa05168_Herpes_simplex_virus_1_infection",0.355,1.08,0.111
"hsa05210_Colorectal_cancer",0.323,1.08,0.111
"hsa04014_Ras_signaling_pathway",0.281,1.08,0.111
"hsa03250_Viral_life_cycle",0.258,1.08,0.111
"hsa04620_Toll-like_receptor_signaling_pathway",0.516,1.07,0.111
"hsa05418_Fluid_shear_stress_and_atherosclerosis",0.437,1.07,0.111
"hsa05161_Hepatitis_B",0.314,1.07,0.111
"hsa04072_Phospholipase_D_signaling_pathway",0.307,1.07,0.111
"hsa04931_Insulin_resistance",0.291,1.07,0.111
"hsa05225_Hepatocellular_carcinoma",0.281,1.07,0.111
"hsa05133_Pertussis",0.53,1.06,0.111
"hsa03272_Virion",0.528,1.06,0.111
"hsa04978_Mineral_absorption",0.509,1.06,0.111
"hsa04613_Neutrophil_extracellular_trap_formation",0.486,1.06,0.111
"hsa05152_Tuberculosis",0.461,1.06,0.111
"hsa04217_Necroptosis",0.418,1.06,0.111
"hsa05132_Salmonella_infection",0.356,1.06,0.111
"hsa04010_MAPK_signaling_pathway",0.327,1.06,0.111
"hsa05202_Transcriptional_misregulation_in_cancer",0.291,1.06,0.111
"hsa01240_Biosynthesis_of_cofactors",0.234,1.06,0.111
"hsa00350_Tyrosine_metabolism",0.626,1.05,0.111
"hsa04979_Cholesterol_metabolism",0.562,1.05,0.111
"hsa04216_Ferroptosis",0.532,1.05,0.111
"hsa05140_Leishmaniasis",0.53,1.05,0.111
"hsa00532_Glycosaminoglycan_biosynthesis",0.48,1.05,0.111
"hsa04668_TNF_signaling_pathway",0.413,1.05,0.111
"hsa04137_Mitophagy",0.35,1.05,0.111
"hsa04210_Apoptosis",0.288,1.05,0.111
"hsa05134_Legionellosis",0.645,1.04,0.111
"hsa04610_Complement_and_coagulation_cascades",0.637,1.04,0.111
"hsa04621_NOD-like_receptor_signaling_pathway",0.4,1.04,0.111
"hsa05142_Chagas_disease",0.394,1.04,0.111
"hsa04140_Autophagy",0.33,1.04,0.111
"hsa05131_Shigellosis",0.313,1.04,0.111
"hsa04152_AMPK_signaling_pathway",0.261,1.04,0.111
"hsa05170_Human_immunodeficiency_virus_1_infection",0.259,1.04,0.111
"hsa05144_Malaria",0.559,1.03,0.111
"hsa04660_T_cell_receptor_signaling_pathway",-0.359,-1.05,0.111
"hsa04925_Aldosterone_synthesis_and_secretion",-0.48,-1.06,0.111
"hsa04514_Cell_adhesion_molecule_(CAM)_interaction",-0.289,-1.07,0.111
"hsa04934_Cushing_syndrome",-0.373,-1.08,0.111
"hsa04927_Cortisol_synthesis_and_secretion",-0.531,-1.08,0.111
"hsa04962_Vasopressin-regulated_water_reabsorption",-0.317,-1.14,0.111
"hsa00603_Glycosphingolipid_biosynthesis",-0.446,-1.19,0.111
"hsa00785_Lipoic_acid_metabolism",0.43,1.35,0.115
"hsa05222_Small_cell_lung_cancer",0.248,1.1,0.115
"hsa04022_cGMP-PKG_signaling_pathway",-0.221,-1.11,0.115
"hsa00591_Linoleic_acid_metabolism",0.451,1.14,0.185
"hsa00565_Ether_lipid_metabolism",0.35,1.1,0.185
"hsa00561_Glycerolipid_metabolism",0.406,1.08,0.185
"hsa05017_Spinocerebellar_ataxia",-0.217,-1.04,0.185
"hsa05340_Primary_immunodeficiency",-0.494,-1.05,0.185
"hsa04918_Thyroid_hormone_synthesis",-0.334,-1.07,0.185
"hsa04981_Folate_transport_and_metabolism",0.318,1.13,0.188
"hsa04020_Calcium_signaling_pathway",-0.234,-1.03,0.2
"hsa05224_Breast_cancer",0.233,1.1,0.203
"hsa05200_Pathways_in_cancer",0.296,1.08,0.205
"hsa05231_Choline_metabolism_in_cancer",0.273,1.08,0.205
"hsa05166_Human_T-cell_leukemia_virus_1_infection",0.244,1.08,0.205
"hsa04910_Insulin_signaling_pathway",0.31,1.06,0.205
"hsa04060_Cytokine-cytokine_receptor_interaction",0.418,1.05,0.205
"hsa04064_NF-kappa_B_signaling_pathway",0.387,1.05,0.205
"hsa04150_mTOR_signaling_pathway",0.285,1.05,0.205
"hsa05143_African_trypanosomiasis",0.552,1.04,0.205
"hsa04012_ErbB_signaling_pathway",0.249,1.04,0.205
"hsa04666_Fc_gamma_R-mediated_phagosome_formation",0.427,1.03,0.205
"hsa05207_Chemical_carcinogenesis",0.311,1.03,0.205
"hsa05226_Gastric_cancer",0.243,1.03,0.205
"hsa05216_Thyroid_cancer",0.336,1.09,0.207
"hsa04923_Regulation_of_lipolysis_in_adipocytes",0.383,1.06,0.207
"hsa00541_Biosynthesis_of_various_nucleotide_sugars",0.648,1.05,0.207
"hsa04215_Apoptosis",0.479,1.05,0.207
"hsa05417_Lipid_and_atherosclerosis",0.41,1.05,0.207
"hsa04622_RIG-I-like_receptor_signaling_pathway",0.352,1.05,0.207
"hsa03060_Protein_export",0.582,1.04,0.207
"hsa05135_Yersinia_infection",0.355,1.04,0.207
"hsa05203_Viral_carcinogenesis",0.324,1.02,0.207
"hsa03082_ATP-dependent_chromatin_remodeling",-0.338,-1.04,0.207
"hsa04929_GnRH_secretion",-0.432,-1.04,0.207
"hsa04114_Oocyte_meiosis",-0.233,-1.08,0.207
"hsa04611_Platelet_activation",0.278,1.03,0.208
"hsa04920_Adipocytokine_signaling_pathway",0.347,1.05,0.209
"hsa05212_Pancreatic_cancer",0.313,1.05,0.209
"hsa00564_Glycerophospholipid_metabolism",0.281,1.05,0.209
"hsa05110_Vibrio_cholerae_infection",0.447,1.02,0.209
"hsa04672_Intestinal_immune_network_for_IgA_production",-0.345,-1.09,0.209
"hsa04742_Taste_transduction",-0.422,-1.1,0.209
"hsa00790_Folate_biosynthesis",0.412,1.11,0.212
"hsa00600_Sphingolipid_metabolism",0.4,1.09,0.212
"hsa05162_Measles",0.339,1.06,0.212
"hsa05206_MicroRNAs_in_cancer",0.229,1.06,0.212
"hsa00830_Retinol_metabolism",0.566,1.04,0.212
"hsa00360_Phenylalanine_metabolism",0.755,1.05,0.214
"hsa03010_Ribosome",0.467,1.04,0.214
"hsa05171_Coronavirus_disease",0.346,1.04,0.214
"hsa05010_Alzheimer_disease",0.324,1.03,0.214
"hsa00190_Oxidative_phosphorylation",0.538,1.02,0.214
"hsa04722_Neurotrophin_signaling_pathway",0.323,1.02,0.214
"hsa04928_Parathyroid_hormone_synthesis,_secretion_and_action",0.246,1.05,0.227
"hsa05030_Cocaine_addiction",0.415,1.11,0.234
"hsa05230_Central_carbon_metabolism_in_cancer",0.285,1.09,0.234
"hsa03015_mRNA_surveillance_pathway",-0.279,-1.04,0.234
"hsa04066_HIF-1_signaling_pathway",0.293,1.05,0.279
"hsa04380_Osteoclast_differentiation",0.445,1.02,0.279
"hsa05220_Chronic_myeloid_leukemia",0.33,1.02,0.279
"hsa00053_Ascorbate_and_aldarate_metabolism",0.544,1.05,0.281
"hsa05214_Glioma",0.244,1.03,0.281
"hsa04917_Prolactin_signaling_pathway",0.28,1.02,0.281
"hsa04144_Endocytosis",0.278,1.02,0.281
"hsa04914_Progesterone-mediated_oocyte_maturation",-0.237,-1.02,0.281
"hsa04340_Hedgehog_signaling_pathway",-0.266,-1.05,0.288
"hsa04720_Long-term_potentiation",-0.339,-1.06,0.288
"hsa05145_Toxoplasmosis",0.345,1.03,0.302
"hsa04664_Fc_epsilon_RI_signaling_pathway",0.402,1.01,0.302
"hsa05169_Epstein-Barr_virus_infection",0.33,1.01,0.302
"hsa00220_Arginine_biosynthesis",-0.379,-1.06,0.302
"hsa04930_Type_II_diabetes_mellitus",0.405,1.05,0.306
"hsa05213_Endometrial_cancer",0.296,1.06,0.308
"hsa00310_Lysine_degradation",-0.441,-1.04,0.308
"hsa04110_Cell_cycle",-0.187,-1.06,0.308
"hsa04922_Glucagon_signaling_pathway",-0.309,-1.06,0.308
"hsa00534_Glycosaminoglycan_biosynthesis",0.482,1.06,0.31
"hsa05208_Chemical_carcinogenesis",0.426,1.02,0.31
"hsa04721_Synaptic_vesicle_cycle",0.398,1.02,0.31
"hsa05020_Prion_disease",0.386,1.02,0.31
"hsa05022_Pathways_of_neurodegeneration",0.303,1.02,0.31
"hsa04390_Hippo_signaling_pathway",-0.337,-1.03,0.31
"hsa04971_Gastric_acid_secretion",0.268,1.03,0.311
"hsa04520_Adherens_junction",0.232,1.09,0.315
"hsa04260_Cardiac_muscle_contraction",0.428,1.07,0.316
"hsa00512_Mucin_type_O-glycan_biosynthesis",0.501,1.06,0.316
"hsa01232_Nucleotide_metabolism",0.402,1.06,0.316
"hsa04966_Collecting_duct_acid_secretion",0.596,1.02,0.316
"hsa05012_Parkinson_disease",0.398,1.02,0.316
"hsa05323_Rheumatoid_arthritis",0.525,1.03,0.328
"hsa05163_Human_cytomegalovirus_infection",0.303,1.02,0.328
"hsa04670_Leukocyte_transendothelial_migration",0.287,1.02,0.328
"hsa04145_Phagocytosis",0.409,1.01,0.328
"hsa00100_Steroid_biosynthesis",-0.511,-1.04,0.328
"hsa04810_Regulation_of_actin_cytoskeleton",0.196,1.04,0.331
"hsa04015_Rap1_signaling_pathway",0.279,1.03,0.331
"hsa04935_Growth_hormone_synthesis,_secretion_and_action",-0.265,-1.03,0.331
"hsa04961_Endocrine_and_other_factor-regulated_calcium_reabsorption",0.258,1.05,0.337
"hsa05211_Renal_cell_carcinoma",0.375,1.01,0.337
"hsa04980_Cobalamin_transport_and_metabolism",0.315,1.03,0.366
"hsa03320_PPAR_signaling_pathway",0.447,1.06,0.376
"hsa05223_Non-small_cell_lung_cancer",0.285,1.05,0.376
"hsa04630_JAK-STAT_signaling_pathway",0.268,1.06,0.377
"hsa04977_Vitamin_digestion_and_absorption",0.488,1.02,0.378
"hsa00280_Valine,_leucine_and_isoleucine_degradation",0.215,1.1,0.38
"hsa05120_Epithelial_cell_signaling_in_Helicobacter_pylori_infection",0.498,1.01,0.38
"hsa04141_Protein_processing_in_endoplasmic_reticulum",0.467,1.01,0.38
"hsa01521_EGFR_tyrosine_kinase_inhibitor_resistance",0.309,1.01,0.382
"hsa00071_Fatty_acid_degradation",0.341,1,0.382
"hsa00430_Taurine_and_hypotaurine_metabolism",-0.759,-1.05,0.382
"hsa01200_Carbon_metabolism",0.293,1.05,0.384
"hsa00983_Drug_metabolism",0.469,1.04,0.384
"hsa00410_beta-Alanine_metabolism",0.485,1.03,0.384
"hsa00510_N-Glycan_biosynthesis",0.365,1.02,0.384
"hsa04932_Non-alcoholic_fatty_liver_disease",0.488,1.01,0.384
"hsa04142_Lysosome_biogenesis",0.362,1.01,0.384
"hsa05165_Human_papillomavirus_infection",0.261,1.02,0.402
"hsa04360_Axon_guidance",-0.229,-1.01,0.404
"hsa05164_Influenza_A",0.379,1.02,0.407
"hsa04330_Notch_signaling_pathway",0.321,1.02,0.407
"hsa03040_Spliceosome",0.184,1,0.407
"hsa04921_Oxytocin_signaling_pathway",-0.263,-1,0.407
"hsa04659_Th17_cell_differentiation",-0.31,-1.02,0.407
"hsa04919_Thyroid_hormone_signaling_pathway",-0.271,-1.03,0.409
"hsa04713_Circadian_entrainment",-0.375,-1.04,0.409
"hsa01250_Biosynthesis_of_nucleotide_sugars",0.427,1.05,0.411
"hsa04915_Estrogen_signaling_pathway",0.264,1.04,0.413
"hsa04382_Cornified_envelope_formation",0.373,1.03,0.413
"hsa05016_Huntington_disease",0.324,1.02,0.413
"hsa04071_Sphingolipid_signaling_pathway",0.319,1.02,0.413
"hsa05014_Amyotrophic_lateral_sclerosis",0.29,1.01,0.413
"hsa03008_Ribosome_biogenesis_in_eukaryotes",-0.403,-1.03,0.413
"hsa00630_Glyoxylate_and_dicarboxylate_metabolism",0.454,1.09,0.415
"hsa03265_Virion",0.551,1.05,0.415
"hsa04122_Sulfur_relay_system",0.654,1.03,0.415
"hsa01040_Biosynthesis_of_unsaturated_fatty_acids",0.302,1.03,0.415
"hsa00920_Sulfur_metabolism",0.628,1.02,0.415
"hsa04062_Chemokine_signaling_pathway",0.38,1.01,0.415
"hsa03030_DNA_replication",-0.331,-1,0.415
"hsa00563_Glycosylphosphatidylinositol_(GPI)-anchor_biosynthesis",-0.327,-1.05,0.415
"hsa04370_VEGF_signaling_pathway",-0.268,-1.04,0.418
"hsa04371_Apelin_signaling_pathway",-0.235,-1.02,0.421
"hsa04612_Antigen_processing_and_presentation",0.435,1.01,0.425
"hsa05160_Hepatitis_C",0.356,1,0.427
"hsa04623_Cytosolic_DNA-sensing_pathway",0.381,1.04,0.431
"hsa04926_Relaxin_signaling_pathway",0.328,1.04,0.431
"hsa04740_Olfactory_transduction",0.305,1.04,0.431
"hsa04924_Renin_secretion",0.304,1.04,0.431
"hsa04974_Protein_digestion_and_absorption",0.35,1.01,0.431
"hsa00650_Butanoate_metabolism",-0.381,-0.994,0.431
"hsa03460_Fanconi_anemia_pathway",-0.554,-1.02,0.431
"hsa04081_Hormone_signaling",0.222,1.04,0.433
"hsa00740_Riboflavin_metabolism",0.585,1.01,0.433
"hsa03050_Proteasome",0.494,1.01,0.433
"hsa04933_AGE-RAGE_signaling_pathway_in_diabetic_complications",0.277,1.04,0.439
"hsa00531_Glycosaminoglycan_degradation",0.515,1.02,0.439
"hsa00270_Cysteine_and_methionine_metabolism",0.225,1.02,0.474
"hsa04530_Tight_junction",-0.203,-1.03,0.475
"hsa04911_Insulin_secretion",-0.292,-1.03,0.476
"hsa00010_Glycolysis_/_Gluconeogenesis",0.275,1.03,0.478
"hsa04082_Neuroactive_ligand_signaling",-0.234,-1.02,0.478
"hsa04658_Th1_and_Th2_cell_differentiation",-0.322,-1.02,0.48
"hsa00020_Citrate_cycle_(TCA_cycle)",0.192,0.932,0.483
"hsa04730_Long-term_depression",-0.272,-1.02,0.486
"hsa05219_Bladder_cancer",0.438,0.999,0.499
"hsa04392_Hippo_signaling_pathway",-0.284,-0.997,0.499
"hsa03450_Non-homologous_end-joining",-0.386,-1.01,0.507
"hsa00601_Glycosphingolipid_biosynthesis",0.504,1.01,0.509
"hsa04068_FoxO_signaling_pathway",0.343,1.01,0.509
"hsa04960_Aldosterone-regulated_sodium_reabsorption",-0.217,-0.938,0.509
"hsa04976_Bile_secretion",0.249,1.01,0.522
"hsa05322_Systemic_lupus_erythematosus",0.422,1.01,0.526
"hsa00900_Terpenoid_backbone_biosynthesis",-0.243,-0.952,0.526
"hsa05235_PD-L1_expression_and_PD-1_checkpoint_pathway_in_cancer",-0.305,-1.01,0.526
"hsa05100_Bacterial_invasion_of_epithelial_cells",0.235,1,0.528
"hsa00860_Porphyrin_metabolism",0.471,0.997,0.528
"hsa04723_Retrograde_endocannabinoid_signaling",0.253,1.01,0.534
"hsa00450_Selenocompound_metabolism",-0.308,-1.01,0.534
"hsa00052_Galactose_metabolism",0.429,1.01,0.536
"hsa04714_Thermogenesis",0.321,1,0.536
"hsa00970_Aminoacyl-tRNA_biosynthesis",-0.25,-1.01,0.538
"hsa03420_Nucleotide_excision_repair",-0.253,-1.01,0.538
"hsa00562_Inositol_phosphate_metabolism",-0.239,-1.02,0.538
"hsa04970_Salivary_secretion",-0.297,-1.01,0.571
"hsa00513_Various_types_of_N-glycan_biosynthesis",0.375,1.01,0.575
"hsa01524_Platinum_drug_resistance",0.299,0.993,0.577
"hsa00515_Mannose_type_O-glycan_biosynthesis",-0.403,-0.998,0.577
"hsa05217_Basal_cell_carcinoma",-0.273,-0.973,0.579
"hsa00240_Pyrimidine_metabolism",0.402,1.01,0.581
"hsa01230_Biosynthesis_of_amino_acids",0.235,0.992,0.581
"hsa04916_Melanogenesis",-0.295,-1,0.583
"hsa00440_Phosphonate_and_phosphinate_metabolism",-0.348,-0.978,0.587
"hsa04146_Peroxisome",0.197,0.979,0.596
"hsa05205_Proteoglycans_in_cancer",-0.209,-0.993,0.597
"hsa05410_Hypertrophic_cardiomyopathy",-0.345,-1,0.598
"hsa04061_Viral_protein_interaction_with_cytokine_and_cytokine_receptor",0.449,1,0.602
"hsa04540_Gap_junction",0.237,0.998,0.602
"hsa00514_Other_types_of_O-glycan_biosynthesis",-0.279,-0.948,0.602
"hsa04724_Glutamatergic_synapse",-0.328,-0.993,0.602
"hsa01210_2-Oxocarboxylic_acid_metabolism",0.204,1,0.603
"hsa04940_Type_I_diabetes_mellitus",0.444,1,0.604
"hsa00640_Propanoate_metabolism",0.21,1.02,0.606
"hsa04310_Wnt_signaling_pathway",-0.262,-0.994,0.606
"hsa00062_Fatty_acid_elongation",-0.259,-0.941,0.608
"hsa00051_Fructose_and_mannose_metabolism",0.386,1.04,0.61
"hsa00230_Purine_metabolism",0.21,0.988,0.612
"hsa03410_Base_excision_repair",-0.318,-0.978,0.612
"hsa00130_Ubiquinone_and_other_terpenoid-quinone_biosynthesis",0.298,0.981,0.622
"hsa04650_Natural_killer_cell_mediated_cytotoxicity",0.407,1,0.624
"hsa04148_Efferocytosis",0.316,0.991,0.628
"hsa05416_Viral_myocarditis",0.31,0.976,0.628
"hsa04550_Signaling_pathways_regulating_pluripotency_of_stem_cells",-0.308,-0.993,0.628
"hsa00520_Amino_sugar_and_nucleotide_sugar_metabolism",0.396,1.01,0.632
"hsa04115_p53_signaling_pathway",0.378,1,0.632
"hsa04727_GABAergic_synapse",-0.331,-0.988,0.632
"hsa03273_Virion",-0.405,-0.995,0.632
"hsa03440_Homologous_recombination",-0.371,-1,0.632
"hsa04070_Phosphatidylinositol_signaling_system",-0.28,-0.994,0.634
"hsa04814_Motor_proteins",-0.35,-0.992,0.639
"hsa04517_IgSF_CAM_signaling",-0.254,-0.988,0.672
"hsa05167_Kaposi_sarcoma-associated_herpesvirus_infection",0.35,0.986,0.68
"hsa04750_Inflammatory_mediator_regulation_of_TRP_channels",-0.315,-0.969,0.68
"hsa01212_Fatty_acid_metabolism",0.233,0.948,0.682
"hsa05218_Melanoma",0.295,0.969,0.696
"hsa03083_Polycomb_repressive_complex",-0.422,-0.981,0.7
"hsa00511_Other_glycan_degradation",0.344,0.943,0.702
"hsa04211_Longevity_regulating_pathway",-0.237,-0.985,0.702
"hsa04213_Longevity_regulating_pathway",-0.269,-0.992,0.702
"hsa00030_Pentose_phosphate_pathway",0.453,0.979,0.704
"hsa05310_Asthma",0.334,0.931,0.704
"hsa03013_Nucleocytoplasmic_transport",-0.286,-0.959,0.704
"hsa03018_RNA_degradation",-0.322,-1,0.704
"hsa05412_Arrhythmogenic_right_ventricular_cardiomyopathy",-0.34,-0.964,0.706
"hsa04519_Cadherin_signaling",-0.2,-0.966,0.706
"hsa01522_Endocrine_resistance",-0.236,-0.972,0.706
"hsa03430_Mismatch_repair",-0.383,-0.962,0.71
"hsa04130_SNARE_interactions_in_vesicular_transport",0.222,0.983,0.725
"hsa04218_Cellular_senescence",0.247,0.975,0.727
"hsa05415_Diabetic_cardiomyopathy",0.346,0.991,0.735
"hsa04972_Pancreatic_secretion",-0.267,-0.955,0.758
"hsa00500_Starch_and_sucrose_metabolism",0.432,0.981,0.774
"hsa00250_Alanine,_aspartate_and_glutamate_metabolism",-0.399,-0.966,0.78
"hsa04820_Cytoskeleton_in_muscle_cells",-0.321,-0.984,0.78
"hsa04270_Vascular_smooth_muscle_contraction",-0.281,-0.991,0.782
"hsa04120_Ubiquitin_mediated_proteolysis",-0.18,-0.957,0.783
"hsa04744_Phototransduction",-0.209,-0.852,0.789
"hsa04136_Autophagy",-0.207,-0.947,0.791
"hsa00620_Pyruvate_metabolism",0.172,0.837,0.792
"hsa04350_TGF-beta_signaling_pathway",-0.255,-0.95,0.797
"hsa03020_RNA_polymerase",-0.201,-0.904,0.8
"hsa05332_Graft-versus-host_disease",0.42,0.964,0.801
"hsa05414_Dilated_cardiomyopathy",-0.317,-0.959,0.803
"hsa00480_Glutathione_metabolism",0.445,0.985,0.805
"hsa05032_Morphine_addiction",-0.281,-0.947,0.832
"hsa04725_Cholinergic_synapse",-0.269,-0.963,0.899
"hsa00604_Glycosphingolipid_biosynthesis",0.427,0.919,0.904
"hsa00670_One_carbon_pool_by_folate",-0.31,-0.923,0.904
"hsa04710_Circadian_rhythm",-0.428,-0.953,0.906
"hsa03022_Basal_transcription_factors",-0.19,-0.847,0.91
"hsa02010_ABC_transporters",-0.404,-0.971,0.926
"hsa05150_Staphylococcus_aureus_infection",0.513,0.96,1
"hsa00533_Glycosaminoglycan_biosynthesis",0.568,0.949,1
"hsa04973_Carbohydrate_digestion_and_absorption",0.245,0.911,1
"hsa05330_Allograft_rejection",0.339,0.883,1
"hsa04614_Renin-angiotensin_system",0.332,0.882,1
"hsa05320_Autoimmune_thyroid_disease",-0.3,-0.906,1
